"","V1","V2","V3"
"1","AFR","NGA","2.29185017064223"
"2","AFR","ZAF","2.80668317674944"
"3","ARG","URY","5.71428571428571"
"4","ARM","AZE","1.97194725414"
"5","AUS","GBR","2.85928335922185"
"6","AZE","TUR","4.34383222839443"
"7","BEL","GBR","3.32254353650502"
"8","BEL","LBR","2.15827338129496"
"9","BHR","GBR","6.96831816649815"
"10","CHE","QAT","5.2863436123348"
"11","CHN","GBR","2.17174439860043"
"12","CHN","IDN","3.03146074644423"
"13","CHN","IND","2.65736639781123"
"14","CHN","USA","1.79057631831117"
"15","COL","PHL","4.03397027600849"
"16","DEU","PHL","2.82503540487154"
"17","ESP","GBR","2.34808371222971"
"18","ESP","LBY","1.03920874676375"
"19","EUR","GBR","2.12771540189471"
"20","FRA","IRL","2.27484216573522"
"21","FRA","IRQ","1.69087206245986"
"22","FRA","SYR","1.78328312068943"
"23","AUS","GBR","2.89676275349398"
"24","BHR","GBR","4.54545454545455"
"25","GBR","NLD","5.20541495840243"
"26","CHN","IDN","3.14554238928617"
"27","FRA","IRL","2.46481264191736"
"28","IRN","PAK","1.92808492566332"
"29","IRQ","MLI","1.78571428571429"
"30","ISR","PSE","2.40558827120508"
"31","JOR","USA","2.12090484372507"
"32","JPN","TWN","1.56066669884738"
"33","ISR","KHM","3.78048780487805"
"34","KHM","PSE","3.78048780487805"
"35","KHM","USA","3.05500601239229"
"36","KOR","VNM","1.79333074835208"
"37","LBN","SYR","1.0419958328392"
"38","BEL","LBR","2.15827338129496"
"39","IRL","LVA","0.740740740740741"
"40","MEX","USA","2.49746288031335"
"41","AFR","NAM","2.44338955663079"
"42","AFR","NGA","2.38155074682122"
"43","IRQ","NGA","0.775193798449612"
"44","GBR","NLD","4.30170252097459"
"45","IRN","PAK","2.43963870071217"
"46","ISR","PSE","1.59530425928363"
"47","GBR","QAT","7.7319587628866"
"48","EST","RUS","0"
"49","LTU","RUS","2.17028380634391"
"50","FRA","SYR","2.96922562595675"
"51","SYR","TUR","1.94343324334057"
"52","SYR","ZMB","2.59365994236311"
"53","IRL","TTO","0.382409177820268"
"54","AZE","TUR","6.42458100558659"
"55","JPN","TWN","1.53846153846154"
"56","CHN","USA","1.94448732485099"
"57","GBR","USA","2.95433495667553"
"58","KEN","USA","0.837988826815642"
"59","MEX","USA","4.3475384215105"
"60","MLI","USA","7.59381583535793"
"61","PAK","USA","0.995024875621891"
"62","TZA","USA","0.837988826815642"
"63","KOR","VNM","0"
"64","AFR","ZAF","2.0394959012178"
"65","AFR","MDG","3.50448247758761"
"66","ARE","JOR","1.05621381733748"
"67","ARE","AUS","1.32658016508165"
"68","AUS","EUR","1.23423208724882"
"69","AUS","ITA","1.21163456358269"
"70","AUS","RUS","1.84689874165461"
"71","AFG","AUT","3.08457711442786"
"72","BHR","JOR","1.05621381733748"
"73","CHN","JPN","2.06912379808505"
"74","CHN","LKA","4.06364146068491"
"75","AUS","EUR","1.00302687966839"
"76","EUR","RUS","1.703679879847"
"77","GBR","NPL","3.31441479964927"
"78","GBR","PAK","1.73877872593914"
"79","GBR","USA","2.74125083587464"
"80","AUS","ITA","0.93556120110366"
"81","ITA","RUS","0.995460118523657"
"82","JOR","SAU","4.44444444444444"
"83","CHN","JPN","2.07690939257208"
"84","LBR","USA","2.29212686543216"
"85","AFR","MDG","3.50448247758761"
"86","MMR","THA","1.80051837866372"
"87","GBR","NPL","2.18587925655336"
"88","JOR","QAT","1.05621381733748"
"89","AUS","RUS","1.38750612573743"
"90","EUR","RUS","1.89000745797288"
"91","ITA","RUS","1.21163456358269"
"92","RUS","SWE","1.09918419922713"
"93","RUS","UKR","3.72451497926343"
"94","JOR","SAU","2.18562402637313"
"95","GBR","THA","2.34190123303026"
"96","JPN","THA","0.760456273764259"
"97","TUR","USA","2.91119076065312"
"98","IND","USA","5.29595015576324"
"99","LBR","USA","2.06966922969479"
"100","MDV","USA","1.09520185335419"
"101","RUS","USA","3.48491257755217"
"102","TUR","USA","2.78530452101167"
"103","CYP","GRC","3.62213291405345"
"104","FRA","USA","2.5616741789925"
"105","EUR","GBR","3.08498423000354"
"106","GBR","GTM","1.89165257989214"
"107","CHN","IND","2.62731249693316"
"108","ESP","LBY","1.09507188739762"
"109","CAN","USA","2.06185567010309"
"110","FRA","USA","1.62351919771246"
"111","AFG","USA","2.85061729295352"
"112","AFR","UGA","2.72727272727273"
"113","BRA","RUS","0.721153846153845"
"114","CHN","PRK","2.3313333416641"
"115","EGY","ISR","1.96563595581998"
"116","EGY","PSE","2.13085929760709"
"117","EGY","USA","3.76472700603501"
"118","ESP","USA","2.51668452013529"
"119","EUR","SAU","2.4904214559387"
"120","FRA","IRN","2.61749244589817"
"121","FRA","JPN","3.63275811379213"
"122","FRA","RUS","2.75134899674337"
"123","GBR","NMR","3.40025476643803"
"124","IRL","USA","3.49126566124497"
"125","IRN","SYR","2.45946538683761"
"126","IRN","USA","2.02825182573671"
"127","IRQ","SYR","2.00276054802548"
"128","EGY","ISR","2.29493118893218"
"129","IRN","ISR","1.85218198805904"
"130","ISR","UKR","3.36888092912189"
"131","FRA","JPN","3.48221677491621"
"132","JPN","PRK","1.70862112094621"
"133","JPN","USA","2.42282599607539"
"134","IRN","KEN","0.271739130434782"
"135","EGY","LBY","2.17161028385891"
"136","NGA","ZAF","2.23605427846333"
"137","IRQ","NLD","1.54226288125547"
"138","PER","USA","3.78872219517351"
"139","CHN","PRK","2.23753240545234"
"140","JPN","PRK","1.89868458661053"
"141","EGY","PSE","1.91368740512029"
"142","QAT","SYR","3.52697095435685"
"143","BRA","RUS","1.44230769230769"
"144","RUS","USA","2.28941797558999"
"145","EUR","SAU","2.4904214559387"
"146","SAU","USA","2.4904214559387"
"147","IRQ","SYR","1.11633020341772"
"148","SYR","TUR","2.28838762092061"
"149","AFR","UGA","2.72727272727273"
"150","AFG","USA","3.29773802135719"
"151","ECU","USA","1.39275766016713"
"152","ESP","USA","0"
"153","GTM","USA","2.5706940874036"
"154","IRN","USA","2.16705676024566"
"155","IRQ","USA","1.50130420215408"
"156","JPN","USA","2.68000173037869"
"157","LVA","USA","1.99004975124378"
"158","SAU","USA","2.4904214559387"
"159","SLV","USA","2.5706940874036"
"160","SYR","USA","2.0776210345056"
"161","USA","VNM","2.74433543936015"
"162","USA","VNM","2.74433543936015"
"163","NGA","ZAF","2.22772277227723"
"164","AFR","BWA","3.15031830448343"
"165","AFR","IND","1.58799044990672"
"166","AUS","KHM","3.7899252576527"
"167","BLR","RUS","2.59787215208274"
"168","AFR","BWA","3.02592171559674"
"169","CHN","GIN","1.95258957535107"
"170","CHN","ITA","2.50862948215467"
"171","CHN","LBR","1.95258957535107"
"172","CHN","PAK","2.80847079434577"
"173","CHN","SLE","2.91806394272797"
"174","DEU","FRA","2.7463594753639"
"175","DEU","RUS","2.22981853982189"
"176","EGY","TUR","3.62783681873106"
"177","EUR","ITA","1.49013677568214"
"178","EUR","UKR","2.12512766015091"
"179","EUR","USA","2.94710228898218"
"180","FRA","ITA","2.90559768371354"
"181","GBR","SLE","1.99657019151059"
"182","GBR","THA","1.90038996467695"
"183","GHA","LBR","1.57385581167508"
"184","GRC","USA","2.4058004909455"
"185","IDN","SDN","4.58015267175572"
"186","AFR","IND","1.58799044990672"
"187","IND","MMR","0.352733686067019"
"188","CHN","ITA","2.22049794402314"
"189","EUR","ITA","1.20191232503177"
"190","FRA","ITA","2.73843129714494"
"191","ITA","USA","3.11883948900825"
"192","IRN","LBN","2.84250072714346"
"193","GHA","LBR","2.91013899707189"
"194","MDV","USA","1.08142107871896"
"195","NLD","RUS","1.8243467996455"
"196","CAF","PAK","2.55614536545528"
"197","CHN","PAK","1.8988561926204"
"198","NLD","RUS","1.82795698924731"
"199","IDN","SDN","4.58015267175572"
"200","CHN","SGP","1.33333333333333"
"201","GBR","SLE","1.88172043010753"
"202","EGY","TUR","2.85275846434255"
"203","RUS","UKR","1.92340448709378"
"204","BHS","USA","0.598802395209581"
"205","EUR","USA","2.43376058156774"
"206","GRC","USA","2.92682926829268"
"207","ITA","USA","3.12805474095797"
"208","ZMB","ZWE","4.1343669250646"
"209","AFR","USA","2.88634386420247"
"210","ARE","MLT","6.81818181818182"
"211","AUS","USA","2.71120608187679"
"212","BEL","CHN","1.68238708507165"
"213","ALB","CAN","4.9079754601227"
"214","CHE","POL","1.02040816326531"
"215","BEL","CHN","1.35135135135135"
"216","DEU","USA","2.40107088136198"
"217","DZA","FRA","0.946372239747634"
"218","ESP","MAR","2.60371402774534"
"219","EUR","FRA","2.04170732210805"
"220","FRA","GBR","4.4177904268003"
"221","GBR","IRQ","2.41263091936402"
"222","IRN","YEM","2.60111120745993"
"223","FRA","IRQ","1.82183398910898"
"224","GBR","IRQ","2.15403963927167"
"225","IRN","IRQ","2.02806061688772"
"226","IRQ","TUR","2.5846828263992"
"227","IRQ","USA","2.27669759577192"
"228","KGZ","TUR","1.86125211505922"
"229","LBN","USA","2.05889140513583"
"230","AFR","LBR","3.87726617849668"
"231","LBR","ZAF","5.71447310953825"
"232","LKA","THA","4.19652772538063"
"233","ESP","MAR","3.22555594170067"
"234","ARE","MLT","6.81818181818182"
"235","MYS","THA","3.12375601202661"
"236","CHE","POL","1.02040816326531"
"237","SLE","USA","2.93367346938776"
"238","IRN","SYR","1.03004291845494"
"239","MYS","THA","3.51699882766706"
"240","IRN","TUR","2.33965308592174"
"241","KGZ","TUR","1.86125211505922"
"242","BLR","UKR","1.67501755912454"
"243","AFR","USA","2.13414634146341"
"244","ARG","USA","2.53353204172876"
"245","AUS","USA","2.97920179876335"
"246","DEU","USA","1.12676056338028"
"247","KOR","USA","2.9585798816568"
"248","LBN","USA","1.26582278481013"
"249","PHL","USA","4.04699738903394"
"250","ABW","USA","2.07253886010363"
"251","AFG","CAN","2.74719648913067"
"252","AFG","CHN","2.44942024808224"
"253","AFG","GBR","2.18040801137741"
"254","AFG","GRC","1.60142348754448"
"255","AFG","IRQ","3.2539892829282"
"256","AFG","NPL","1.17096018735363"
"257","AFG","PAK","2.90707817868926"
"258","AFG","POL","1.30037868305761"
"259","AFG","PSE","3.61290322580645"
"260","AFG","RUS","3.74592833876222"
"261","AFG","SAU","2.13754646840149"
"262","AFG","SWE","1.59574468085106"
"263","AFG","THA","1.39667473563511"
"264","AFG","TJK","1.81562818068278"
"265","AFG","TKM","3.41880341880342"
"266","AFR","ARE","4.05355685574782"
"267","AFR","AZE","1.34341174609631"
"268","AFR","BOL","4.01515151515152"
"269","AFR","BRA","3.02873329216848"
"270","AFR","BRB","3.73831775700935"
"271","AFR","CAN","3.57708248403316"
"272","AFR","CHN","2.34839043073837"
"273","AFR","CMR","4.86381322957198"
"274","AFR","DEU","3.9426523297491"
"275","AFR","ECU","6.66666666666667"
"276","AFR","EGY","5.9375"
"277","AFR","ETH","3.00682234480992"
"278","AFR","EUR","2.04876567181837"
"279","AFR","FRA","4.59823943915857"
"280","AFR","GBR","4.07597559375959"
"281","AFR","GHA","3.08928571428572"
"282","AFR","GRC","6.66666666666667"
"283","AFR","IRL","4.72673559822747"
"284","AFR","IRN","4.59770114942529"
"285","AFR","IRQ","1.41991473812424"
"286","AFR","ISR","2.99360170895269"
"287","AFR","ITA","1.46150795898714"
"288","AFR","JAM","5.625"
"289","AFR","JPN","4.74137931034483"
"290","AFR","KEN","1.99066000194046"
"291","AFR","KWT","2.23048327137546"
"292","AFR","LBR","1.19699377673646"
"293","AFR","LBY","2.41437963551819"
"294","AFR","LUX","2.32558139534884"
"295","AFR","MAR","4.01606425702811"
"296","AFR","MDV","2.78136855673879"
"297","AFR","MLI","2.75945545682388"
"298","AFR","MOZ","6.52173913043478"
"299","AFR","MWI","3.77358490566038"
"300","AFR","MYS","2.91099753373509"
"301","AFR","NAM","5.67752292956525"
"302","AFR","PSE","1.64126611957796"
"303","AFR","RUS","2.16070034571205"
"304","AFR","RWA","2.97895902547065"
"305","AFR","SDN","4.25138632162662"
"306","AFR","SLE","3.04186121818911"
"307","AFR","SOM","2.2181146025878"
"308","AFR","SYR","1.5"
"309","AFR","YEM","0.804966087013369"
"310","AFR","ZWE","2.74362386778961"
"311","AFR","AGO","2.07812381601879"
"312","AGO","EUR","3.65659777424483"
"313","AGO","MEX","3.65659777424483"
"314","AGO","NAM","5.33807829181495"
"315","AGO","USA","0"
"316","AIA","MAR","6.66666666666667"
"317","AIA","VNM","7.2189349112426"
"318","ALB","CHN","2.72108843537415"
"319","ALB","EUR","2.99014422258039"
"320","ALB","IND","4.16281784136395"
"321","ALB","IRQ","1.56382850456691"
"322","ALB","ITA","1.75801917212966"
"323","ALB","SYR","2.12765957446809"
"324","ALB","TUR","1.83279235448264"
"325","ALB","USA","1.79888082269459"
"326","ALB","VAT","2.80132955678839"
"327","AFR","ARE","4.05355685574782"
"328","ARE","AUS","3.14365050877323"
"329","ARE","BHR","2.00079396585947"
"330","ARE","CYP","3.125"
"331","ARE","EGY","2.27822826673004"
"332","ARE","EUR","7.69230769230769"
"333","ARE","GBR","4.61604161408986"
"334","ARE","IND","2.17917675544794"
"335","ARE","IRN","1.38888888888889"
"336","ARE","ISR","8.2004555808656"
"337","ARE","ITA","2.65751991631126"
"338","ARE","KAZ","4.12486064659978"
"339","ARE","KWT","2.00079396585947"
"340","ARE","LBN","2.52100840336134"
"341","ARE","MUS","2.65700483091787"
"342","ARE","OMN","2.00079396585947"
"343","ARE","PER","3.44827586206897"
"344","ARE","QAT","1.78164698292974"
"345","ARE","SAU","2.37607406210484"
"346","ARE","SYR","4.36904564249741"
"347","ARE","TUR","4.19354838709677"
"348","ARE","USA","3.3137471318393"
"349","ARE","VNM","6.49350649350649"
"350","ARE","ZAF","2.04572803850782"
"351","ARG","BRA","2.53535882661079"
"352","ARG","CAN","4.34782608695652"
"353","ARG","CHL","4.34782608695652"
"354","ARG","ESP","0.995024875621891"
"355","ARG","FRA","1.01517637407711"
"356","ARG","ISR","0.986866386173592"
"357","ARG","ITA","2.75229357798165"
"358","ARG","MEX","4.34782608695652"
"359","ARG","PAK","8.18181818181818"
"360","ARG","PHL","1.50648008059933"
"361","ARG","PSE","0.911753141989454"
"362","ARG","USA","1.76371609563313"
"363","ARM","AUS","0.740740740740741"
"364","ARM","BLR","2.5168896803133"
"365","ARM","CHN","1.47058823529412"
"366","ARM","FRA","2.3936170212766"
"367","ARM","GBR","3.32749562171629"
"368","ARM","GRC","2.28925458234383"
"369","ARM","IRN","1.51515151515152"
"370","ARM","KGZ","1.40845070422535"
"371","ARM","NOR","1.35735621629038"
"372","ARM","PSE","0.982936542571274"
"373","ARM","RUS","1.89662994168783"
"374","ARM","SYR","2.29885057471264"
"375","ARM","TJK","1.40845070422535"
"376","ARM","TUR","2.72326679562087"
"377","ARM","USA","3.25872372799232"
"378","ARM","VAT","0"
"379","AFR","AUS","2.94789717324929"
"380","ARM","AUS","0.740740740740741"
"381","AUS","BHS","1.18764845605701"
"382","AUS","BRA","1.46312346529752"
"383","AUS","CAN","2.09758589356517"
"384","AUS","CHL","2.27272727272727"
"385","AUS","CHN","2.15009733426585"
"386","AUS","DEU","2.44390933761419"
"387","AUS","EGY","2.35294117647059"
"388","AUS","ESP","0.529100529100529"
"389","AUS","ETH","3.38983050847458"
"390","AUS","FJI","4.16942701438622"
"391","AUS","FRA","2.63830701109534"
"392","AUS","FSM","3.00817405938214"
"393","AUS","GRC","1.39619257266316"
"394","AUS","HRV","0"
"395","AUS","IDN","2.01397539719338"
"396","AUS","IND","2.61675116037801"
"397","AUS","IRQ","1.76392617246945"
"398","AUS","ISR","2.72556501026227"
"399","AUS","JPN","2.95686640046732"
"400","AUS","KOR","2.38247950248243"
"401","AUS","LBN","2.54237288135593"
"402","AUS","LKA","1.83730071434246"
"403","AUS","LVA","5.64360724230974"
"404","AUS","MDG","3.34507042253521"
"405","AUS","MDV","1.98227939137038"
"406","AUS","MEX","1.45985401459854"
"407","AUS","MYS","1.4643604533016"
"408","AUS","NGA","2.94736842105263"
"409","AUS","NLD","1.95078031212485"
"410","AUS","NMR","1.14289446185998"
"411","AUS","NZL","2.41297314024312"
"412","AUS","OMN","1.66270783847981"
"413","AUS","PAK","1.60427807486631"
"414","AUS","PHL","3.00868629867687"
"415","AUS","PNG","2.7027027027027"
"416","AUS","POL","2.38681556728111"
"417","AUS","PRK","2.65092681162873"
"418","AUS","SDN","1.80490172155216"
"419","AUS","SEA","2.52525252525253"
"420","AUS","SGP","3.4116506148956"
"421","AUS","SOM","1.84381778741865"
"422","AUS","SWE","6.81818181818182"
"423","AUS","SYR","1.2829968682691"
"424","AUS","TCD","4.91132332878581"
"425","AUS","THA","2.26352861650759"
"426","AUS","TTO","4.08719346049046"
"427","AUS","TUR","1.58154121863799"
"428","AUS","TWN","3.84863947868001"
"429","AUS","UKR","3.73690874753198"
"430","AUS","VNM","2.78258355408647"
"431","AUS","ZAF","3.1073260607771"
"432","AUS","ZWE","1.60427807486631"
"433","AUT","BEL","1.16731517509728"
"434","AUT","CHE","3.33333333333333"
"435","AUT","CHL","3.24449594438007"
"436","AUT","CHN","5.9190031152648"
"437","AUT","DEU","2.31358656637223"
"438","AUT","ESP","2.43682310469314"
"439","AUT","EUR","2.1546788856533"
"440","AUT","FRA","2.17319066923639"
"441","AUT","GBR","6.09260152885923"
"442","AUT","IRN","2.70822333262381"
"443","AUT","ISR","0.561797752808989"
"444","AUT","KOR","3.14063664430959"
"445","AUT","NLD","6.12645399069841"
"446","AUT","RUS","0.65312060274321"
"447","AUT","SYR","1.6170484239209"
"448","AUT","USA","2.93887035490113"
"449","AFR","AZE","1.34341174609631"
"450","ARM","AZE","2.48109682907209"
"451","AZE","DEU","1.24555160142349"
"452","AZE","EUR","2.43690165361184"
"453","AZE","FRA","3.05658373298483"
"454","AZE","HUN","2.83911935497347"
"455","AZE","IRN","1.24896269729634"
"456","AZE","ISR","3.49562598594579"
"457","AZE","POL","0"
"458","AZE","RUS","2.23971079321219"
"459","AZE","UKR","2.09146246293117"
"460","BDI","RWA","2.49221183800623"
"461","BDI","TZA","1.54233236192286"
"462","BDI","UGA","2.19688473520249"
"463","BEL","BGR","1.2779552715655"
"464","BEL","BRN","2.01342281879195"
"465","BEL","EUR","3.14916966999517"
"466","BEL","FRA","2.40891282760003"
"467","BEL","IRL","3.91304347826087"
"468","BEL","IRN","3.35381820048321"
"469","BEL","IRQ","2.08333333333333"
"470","BEL","ISR","0.90702947845805"
"471","BEL","ITA","2.41157556270096"
"472","BEL","KEN","3.07988735734401"
"473","BEL","LUX","1.16731517509728"
"474","BEL","NGA","1.77609112797845"
"475","BEL","NLD","2.08390568042338"
"476","BEL","NZL","2.53164556962025"
"477","BEL","PHL","2.60308604858731"
"478","BEL","PRT","5.10948905109489"
"479","BEL","RUS","2.35526538399781"
"480","BEL","SWE","2.51450676982592"
"481","BEL","SYR","0.709219858156028"
"482","BEL","TUR","1.68881272578938"
"483","BEL","TWN","2.47191011235955"
"484","BEL","UKR","5.21367521367522"
"485","BEL","USA","2.57872323239862"
"486","BEL","ZWE","1.3215859030837"
"487","BEN","NGA","2.08620108754301"
"488","BFA","ISR","0.905797101449275"
"489","BFA","USA","5.44871794871795"
"490","AUS","BGD","6.12244897959184"
"491","BGD","BRN","6.23853211009174"
"492","BGD","CHN","3.79329729823223"
"493","BGD","GBR","4.16666666666667"
"494","BGD","IND","3.33253227447151"
"495","BGD","IRN","0.833333333333333"
"496","BGD","ISR","5.86206896551724"
"497","BGD","JPN","3.44083962732967"
"498","BGD","KHM","2.55591054313099"
"499","BGD","LKA","4.26799640571093"
"500","BGD","MYS","2.19435736677116"
"501","BGD","NLD","1.73553346577189"
"502","BGD","NPL","0.297619047619048"
"503","BGD","PAK","2.66263344647588"
"504","BGD","PHL","2.55591054313099"
"505","BGD","PNG","6.23853211009174"
"506","BGD","PSE","5.86206896551724"
"507","BGD","SAS","0.806978420507277"
"508","BGD","SAU","2.1875"
"509","BGD","THA","6.23853211009174"
"510","BGD","USA","2.94470556052919"
"511","AFG","BGR","2.53164556962025"
"512","BGR","CAN","3.31557134399053"
"513","BGR","CHN","1.96078431372549"
"514","BGR","EUR","0.824017780424732"
"515","BGR","IRN","1.66666666666667"
"516","BGR","KAZ","1.05820105820106"
"517","BGR","RUS","1.25185531834817"
"518","BGR","TUR","2.91421940128836"
"519","BGR","UKR","8.91646489104116"
"520","ARE","BHR","2.00079396585947"
"521","BHR","DNK","0.369381917148475"
"522","BHR","IRN","1.74672489082969"
"523","BHR","KAZ","2.39651416122004"
"524","BHR","KWT","2.00079396585947"
"525","BHR","OMN","1.9619354444682"
"526","BHR","QAT","2.00079396585947"
"527","BHR","SAU","1.19979218090097"
"528","BHS","BLZ","1.83206106870229"
"529","BHS","CAN","2.65567765567766"
"530","BHS","DOM","2.54901960784314"
"531","BHS","HTI","2.0897271787912"
"532","BHS","USA","1.7341936692662"
"533","ARM","BLR","2.10696550584901"
"534","BLR","DEU","2.43217960710945"
"535","BLR","FRA","2.01729106628242"
"536","BLR","ISR","6.48648648648649"
"537","BLR","POL","2.43217960710945"
"538","BLR","UKR","2.03957167931726"
"539","BLR","USA","0.597014925373134"
"540","BHS","BLZ","1.22658954056233"
"541","BLZ","CAN","2.43161094224924"
"542","BLZ","FJI","2.33766233766234"
"543","BLZ","USA","1.37299771167048"
"544","BMU","GHA","3.96396396396396"
"545","AFR","BOL","4.01515151515152"
"546","BOL","CHE","4.59317585301837"
"547","BOL","COL","2.15293051703791"
"548","BOL","DEU","3.00970873786408"
"549","BOL","ECU","2.33637660325901"
"550","BOL","HND","2.33637660325901"
"551","BOL","ISR","1.15830115830116"
"552","BOL","MDV","1.13636363636364"
"553","BOL","MEX","1.34453781512605"
"554","BOL","SLV","3.00970873786408"
"555","BOL","USA","2.36006766684582"
"556","AFR","BRA","2.12078154437249"
"557","ARG","BRA","4.34782608695652"
"558","AUS","BRA","1.95703094088386"
"559","BHR","BRA","3.1413612565445"
"560","BOL","BRA","3.85513365243346"
"561","BRA","CHN","1.32071044014626"
"562","BRA","CUB","3.77201064029838"
"563","BRA","ECU","3.85060894513744"
"564","BRA","ESP","1.38504155124654"
"565","BRA","EUR","0.728155339805825"
"566","BRA","GBR","5.76441102756892"
"567","BRA","GRC","4.01234567901235"
"568","BRA","IRL","0.490196078431373"
"569","BRA","ISR","2.09059233449477"
"570","BRA","JPN","0.359712230215827"
"571","BRA","MDV","3.05343511450382"
"572","BRA","NOR","3.2114183764496"
"573","BRA","NZL","2.09059233449477"
"574","BRA","PER","1.99063231850117"
"575","BRA","PRT","2.89600019563059"
"576","BRA","RWA","3.05125085947004"
"577","BRA","TUR","3.03824070947359"
"578","BRA","USA","2.20473969912763"
"579","BRA","VEN","3.84593195592079"
"580","AUT","BRB","2.47349823321555"
"581","BRB","JAM","6.49149922720247"
"582","BRB","USA","3.50467289719626"
"583","BGD","BRN","6.23853211009174"
"584","BRN","CHN","3.34459368786319"
"585","BRN","GBR","4.364694471387"
"586","BRN","LKA","6.23853211009174"
"587","BRN","OMN","2.53164556962025"
"588","BRN","PHL","2.48756218905473"
"589","BRN","PNG","6.23853211009174"
"590","BRN","THA","6.23853211009174"
"591","BRN","TUR","3.58974358974359"
"592","BRN","VNM","3.04449648711944"
"593","BTN","SAS","0.806978420507276"
"594","BWA","CHN","6.42857142857143"
"595","BWA","CPV","1.05741233508408"
"596","BWA","EUR","1.35746606334842"
"597","BWA","GBR","1.05741233508408"
"598","BWA","ITA","1.05741233508408"
"599","BWA","JPN","1.35746606334842"
"600","BWA","KEN","1.05741233508408"
"601","BWA","PRT","1.05741233508408"
"602","BWA","UGA","1.8068887634105"
"603","BWA","USA","2.01400906247528"
"604","CAF","COG","0.923076923076923"
"605","CAF","GAB","0.923076923076923"
"606","CAF","GNQ","0.923076923076923"
"607","CAF","NGA","3"
"608","CAF","TCD","1.66999767603997"
"609","CAF","USA","3.70185334407735"
"610","AFG","CAN","2.89320281970757"
"611","AFR","CAN","3.57708248403316"
"612","ARG","CAN","4.34782608695652"
"613","AUS","CAN","1.94362542607714"
"614","BHS","CAN","2.65567765567766"
"615","CAN","CHN","2.36420227157483"
"616","CAN","CZE","2.01729106628242"
"617","CAN","DEU","1.42857142857143"
"618","CAN","DNK","1.83823529411765"
"619","CAN","EGY","1.61725067385445"
"620","CAN","ESP","1.96484841882468"
"621","CAN","ETH","4.6189376443418"
"622","CAN","EUR","3.94522026342304"
"623","CAN","FRA","1.98479774986322"
"624","CAN","GBR","3.16460718765827"
"625","CAN","GRC","4.46166144052093"
"626","CAN","IRN","2.25735552690189"
"627","CAN","IRQ","2.47631967064656"
"628","CAN","ISR","3.20949135621898"
"629","CAN","JAM","1.7632241813602"
"630","CAN","JPN","3.3847251542858"
"631","CAN","KHM","3.74331550802139"
"632","CAN","KWT","4"
"633","CAN","LKA","3.84068278805121"
"634","CAN","MDV","1.44927536231884"
"635","CAN","MEA","4.50236966824645"
"636","CAN","MEX","3.06067573690384"
"637","CAN","MMR","3.74331550802139"
"638","CAN","MYS","3.5031847133758"
"639","CAN","NMR","3.50242422044083"
"640","CAN","NZL","2.80665059700013"
"641","CAN","PAK","2.10932306524268"
"642","CAN","PAN","1.86440677966102"
"643","CAN","PHL","5.04322766570605"
"644","CAN","PSE","1.7632241813602"
"645","CAN","RUS","1.62987622185573"
"646","CAN","RWA","4.12371134020619"
"647","CAN","SAU","2.45677888989991"
"648","CAN","SGP","3.46641721731285"
"649","CAN","SWE","2.86262461751061"
"650","CAN","SYR","3.68550368550369"
"651","CAN","TCD","2.63459335624284"
"652","CAN","THA","3.74331550802139"
"653","CAN","TUR","0.641025641025641"
"654","CAN","TZA","3.35051546391753"
"655","CAN","UKR","4.06082034467265"
"656","CAN","USA","2.9583675224316"
"657","CAN","VNM","3.74331550802139"
"658","CAN","ZWE","4.99480443908725"
"659","AUT","CHE","3.33333333333333"
"660","BGD","CHE","2.32563380340742"
"661","BHR","CHE","6.40394088669951"
"662","BOL","CHE","4.59317585301837"
"663","BRA","CHE","2.72479564032698"
"664","CAN","CHE","1.42387732749179"
"665","CHE","CHN","3.51417330070197"
"666","CHE","DEU","2.53096985932806"
"667","CHE","EGY","1.19904076738609"
"668","CHE","EUR","2.09960112226617"
"669","CHE","FRA","2.73556231003039"
"670","CHE","GHA","2.01342281879195"
"671","CHE","IRL","5.66037735849057"
"672","CHE","IRN","1.98324630113142"
"673","CHE","ISR","1.19904076738609"
"674","CHE","ITA","2.73556231003039"
"675","CHE","JPN","3.78083465514413"
"676","CHE","NLD","2.66666666666667"
"677","CHE","OMN","1.19760479041916"
"678","CHE","PAK","1.47058823529412"
"679","CHE","PER","4.4564425834054"
"680","CHE","PRT","9.43396226415094"
"681","CHE","RUS","4.84785118073074"
"682","CHE","SYR","1.6730076940019"
"683","CHE","UKR","2.68608036338232"
"684","CHE","USA","1.68838392092925"
"685","CHE","VAT","1.32352941176471"
"686","ARG","CHL","4.34782608695652"
"687","AUS","CHL","2.27272727272727"
"688","BLZ","CHL","1.48148148148148"
"689","BRA","CHL","1.44927536231884"
"690","CHL","CHN","3.6231884057971"
"691","CHL","ESP","3.46312469674915"
"692","CHL","EUR","5.41237113402062"
"693","CHL","HND","4.02476780185759"
"694","CHL","MEX","4.02476780185759"
"695","CHL","NZL","5.41237113402062"
"696","CHL","PER","3.79809818664308"
"697","CHL","PHL","2.9690970980881"
"698","CHL","POL","5.41237113402062"
"699","CHL","RUS","1.45761411584196"
"700","CHL","USA","2.95130359925182"
"701","AFG","CHN","2.4559686888454"
"702","AFR","CHN","2.95280270605432"
"703","ARM","CHN","1.47058823529412"
"704","AUS","CHN","2.27737407752358"
"705","AUT","CHN","5.9190031152648"
"706","BGD","CHN","3.57316266865952"
"707","BLR","CHN","5.38770110527888"
"708","BRA","CHN","2.08030400230641"
"709","BRN","CHN","3.62859700162683"
"710","BWA","CHN","6.42857142857143"
"711","CAN","CHN","1.00765933790568"
"712","CHE","CHN","2.05381278771544"
"713","CHL","CHN","3.6231884057971"
"714","CHN","DEU","1.8961112786489"
"715","CHN","DZA","2.44897959183673"
"716","CHN","EGY","3.16310975609756"
"717","CHN","ESP","1.63934426229508"
"718","CHN","ETH","1.90274841437632"
"719","CHN","EUR","3.99144582754842"
"720","CHN","FRA","3.04208882234523"
"721","CHN","IRL","2.04999775063544"
"722","CHN","IRN","2.00895542907697"
"723","CHN","IRQ","1.83201850945031"
"724","CHN","ISL","4.53086895135413"
"725","CHN","JOR","3.02114803625378"
"726","CHN","KEN","0"
"727","CHN","KHM","3.44886173229863"
"728","CHN","KOR","2.21783235621659"
"729","CHN","KWT","5.49242424242424"
"730","CHN","LAO","2.82331511839709"
"731","CHN","LTU","6.66666666666667"
"732","CHN","LVA","3.41726618705036"
"733","CHN","MAC","4.31654676258993"
"734","CHN","MDV","3.00973514638412"
"735","CHN","MMR","3.52316753676274"
"736","CHN","MYS","1.95558464717326"
"737","CHN","NAM","1.82291666666667"
"738","CHN","NPL","3.66466602576872"
"739","CHN","NZL","1.73019448393789"
"740","CHN","OMN","2.72051095480637"
"741","CHN","PER","1.583625930196"
"742","CHN","PHL","2.21844825940934"
"743","CHN","PRT","1.67682926829268"
"744","CHN","RUS","2.25277009063256"
"745","CHN","SAS","2.22554577889258"
"746","CHN","SAU","1.65817093072095"
"747","CHN","SDN","3.36538461538462"
"748","CHN","SEA","0"
"749","CHN","SGP","2.98196136498372"
"750","CHN","THA","2.9188713041938"
"751","CHN","TJK","5.00570557828666"
"752","CHN","TON","1.68539325842697"
"753","CHN","TUR","2.99361302539269"
"754","CHN","TWN","2.90947522025009"
"755","CHN","UKR","3.12368954431088"
"756","CHN","VAT","3.27868852459016"
"757","CHN","VNM","2.68893454081228"
"758","CHN","YEM","1.17370892018779"
"759","CHN","ZWE","4.86808033148914"
"760","CIV","ISR","0.905797101449275"
"761","AFR","CMR","4.86381322957198"
"762","CMR","EGY","0"
"763","CMR","NGA","1.80438366332617"
"764","CMR","ZAF","1.09489051094891"
"765","COD","GIN","1.02389078498294"
"766","COD","LBR","1.02389078498294"
"767","COD","SLE","1.02389078498294"
"768","COD","USA","2.06185567010309"
"769","CAF","COG","0.923076923076923"
"770","COG","GAB","0.923076923076923"
"771","COG","GNQ","0.923076923076923"
"772","COG","TCD","0.923076923076923"
"773","BOL","COL","2.72434527050636"
"774","BRA","COL","2.43482538121003"
"775","COL","ECU","2.78109152743595"
"776","COL","GBR","0.546448087431694"
"777","COL","HND","2.33637660325901"
"778","COL","IRL","0.546448087431694"
"779","COL","USA","3.23249257663497"
"780","COM","FRA","0.406504065040651"
"781","CRI","HND","1.65061898211829"
"782","CRI","NIC","1.65061898211829"
"783","CRI","PAN","3.90625"
"784","CRI","USA","2.25041091973742"
"785","AFR","CUB","1.80722891566265"
"786","CHN","CUB","2.1491896260992"
"787","CUB","DOM","1.71673819742489"
"788","CUB","ESP","6.56934306569343"
"789","CUB","HTI","1.71673819742489"
"790","CUB","KNA","8.11688311688312"
"791","CUB","MEX","0.753012048192771"
"792","CUB","RUS","3.3434650455927"
"793","CUB","SLE","2.0991831920967"
"794","CUB","USA","2.682148599583"
"795","CYM","HND","1.60077312605969"
"796","CYM","PAN","1.60077312605969"
"797","ARE","CYP","3.125"
"798","CUB","CYP","3.54330708661417"
"799","CYP","EGY","1.5748031496063"
"800","CYP","EUR","9.43396226415094"
"801","CYP","IDN","4.73684210526316"
"802","CYP","IND","4.28082191780822"
"803","CYP","ITA","4.96894409937888"
"804","CYP","NER","1.5748031496063"
"805","CYP","SDN","1.5748031496063"
"806","CYP","TCD","1.5748031496063"
"807","CYP","TUR","2.57446804160962"
"808","CYP","USA","3.54330708661417"
"809","CZE","GBR","1.62866449511401"
"810","CZE","HUN","5.92856931372195"
"811","CZE","IRQ","2.46972489610771"
"812","CZE","LVA","2.99145299145299"
"813","CZE","PAK","7.79510022271715"
"814","CZE","POL","7.79510022271715"
"815","CZE","RUS","2.62744470270037"
"816","CZE","SVK","2.44281013332544"
"817","CZE","UKR","2.74160387115621"
"818","CZE","USA","0.730411883004568"
"819","AFR","DEU","3.9426523297491"
"820","ARE","DEU","2.45901639344262"
"821","ARM","DEU","1.75054704595186"
"822","AUS","DEU","2.15053635892752"
"823","AUT","DEU","2.76381909547739"
"824","AZE","DEU","1.46327912668739"
"825","BGR","DEU","3.72670807453416"
"826","BLR","DEU","2.43217960710945"
"827","BOL","DEU","3.00970873786408"
"828","CHN","DEU","1.78184343896929"
"829","DEU","DNK","2.73333044048969"
"830","DEU","EGY","2.76402640264026"
"831","DEU","EUR","2.07623845138421"
"832","DEU","GBR","1.76081792241304"
"833","DEU","GRC","2.51242058153629"
"834","DEU","HUN","1.59651669085631"
"835","DEU","IRL","1.27041742286751"
"836","DEU","IRN","2.90503604023215"
"837","DEU","ISR","3.57207697893973"
"838","DEU","ITA","2.47572004677023"
"839","DEU","JAM","0.571428571428571"
"840","DEU","JOR","3.41880341880342"
"841","DEU","JPN","2.7044879087006"
"842","DEU","KNA","8.11688311688312"
"843","DEU","LBR","1.91432965207574"
"844","DEU","MEX","1.953125"
"845","DEU","MYS","2.19679577416525"
"846","DEU","NAM","8.84615384615385"
"847","DEU","NLD","1.26367612425477"
"848","DEU","NZL","3.10291542186051"
"849","DEU","POL","2.89652993094771"
"850","DEU","PRK","2.35302259593757"
"851","DEU","QAT","3.17950088197064"
"852","DEU","SVK","3.8961038961039"
"853","DEU","SYR","1.95404334741965"
"854","DEU","TJK","4.66321243523316"
"855","DEU","TUR","1.84075912028103"
"856","DEU","UKR","2.29885057471264"
"857","DEU","VNM","3.27590776570368"
"858","DJI","EGY","2"
"859","DJI","ETH","0"
"860","DJI","EUR","7.17821782178218"
"861","DJI","ISR","0.905797101449275"
"862","DJI","KEN","0"
"863","AFR","DNK","3.07845084409136"
"864","BHR","DNK","0.354832244439917"
"865","CHN","DNK","3.81437206959352"
"866","DEU","DNK","3.68852459016393"
"867","DNK","EUR","2.44122965641953"
"868","DNK","FRA","1.19047619047619"
"869","DNK","GBR","2.92326431181486"
"870","DNK","IRN","1.66666666666667"
"871","DNK","ISL","3.58166189111748"
"872","DNK","JPN","2.4390243902439"
"873","DNK","KEN","1.74825174825175"
"874","DNK","MKD","1.53846153846154"
"875","DNK","PAN","0.791707011448427"
"876","DNK","PER","1.66112956810631"
"877","DNK","RUS","4.78732116062119"
"878","DNK","SGP","4.69314079422383"
"879","DNK","TUR","1.53846153846154"
"880","DNK","UKR","4.79560058910691"
"881","DNK","USA","3.13098564466952"
"882","BHS","DOM","2.54901960784314"
"883","CUB","DOM","1.71673819742489"
"884","DOM","NOR","2.31958762886598"
"885","DOM","USA","1.15186793556931"
"886","DOM","VEN","0"
"887","CUB","DZA","3.34261838440111"
"888","DZA","GRC","3.93204068901422"
"889","DZA","IRN","4.49205252246026"
"890","DZA","ISR","0.905797101449275"
"891","DZA","LBY","1.64560793126819"
"892","DZA","MAR","2.89915966386555"
"893","DZA","NPL","3.93204068901422"
"894","DZA","PSE","4.49205252246026"
"895","DZA","TUN","3.18436406283871"
"896","DZA","USA","3.28605407309547"
"897","AFR","ECU","6.66666666666667"
"898","BOL","ECU","2.33637660325901"
"899","COL","ECU","2.33637660325901"
"900","ECU","HND","2.33637660325901"
"901","ARE","EGY","3.56914338688585"
"902","AUS","EGY","2.35294117647059"
"903","CAN","EGY","1.61725067385445"
"904","CYP","EGY","1.5748031496063"
"905","DEU","EGY","2.76402640264026"
"906","EGY","ESP","3.68838763575606"
"907","EGY","EUR","0.437810945273633"
"908","EGY","FRA","1.52604811546097"
"909","EGY","GBR","1.13358252124772"
"910","EGY","GRC","1.5748031496063"
"911","EGY","IRQ","1.49758454106281"
"912","EGY","ITA","3.28524356134258"
"913","EGY","JOR","1.95677707305614"
"914","EGY","JPN","1.85203057955759"
"915","EGY","KWT","2.10040220467749"
"916","EGY","LBN","2.80551486849043"
"917","EGY","LBY","2.23933726077615"
"918","EGY","MDV","2.52100840336134"
"919","EGY","MLT","2.62295081967213"
"920","EGY","NER","1.5748031496063"
"921","EGY","RUS","2.0083319887458"
"922","EGY","SAU","2.72337396481983"
"923","EGY","SDN","2.26093132589195"
"924","EGY","SYR","2.51727115716753"
"925","EGY","TCD","1.5748031496063"
"926","ERI","ETH","2.14172398501828"
"927","ERI","GBR","1.94274028629857"
"928","ERI","RUS","2.69192422731805"
"929","ERI","SDN","1.71919770773639"
"930","ERI","SOM","2.62954369682908"
"931","ERI","USA","3.56718192627824"
"932","ARG","ESP","0.995024875621891"
"933","AUS","ESP","0.529100529100529"
"934","BRA","ESP","1.38504155124654"
"935","CAN","ESP","3.17557754872657"
"936","CHE","ESP","8.12182741116751"
"937","CHL","ESP","4.07157031065328"
"938","CHN","ESP","6.99088145896657"
"939","CUB","ESP","5.18581221725736"
"940","EGY","ESP","3.68838763575606"
"941","ESP","EUR","2.09941174842844"
"942","ESP","FRA","3.32073892382812"
"943","ESP","GTM","6.19469026548673"
"944","ESP","IRL","0.568181818181818"
"945","ESP","IRQ","1.2563544254976"
"946","ESP","ITA","3.17031658536408"
"947","ESP","MDG","3.75237752406626"
"948","ESP","MEX","1.953125"
"949","ESP","MLT","0"
"950","ESP","NGA","6.06226105953031"
"951","ESP","NLD","1.2614997623624"
"952","ESP","PER","3.4965034965035"
"953","ESP","PHL","2.26016854402888"
"954","ESP","RUS","0.806451612903226"
"955","ESP","SYR","0.982718103500124"
"956","ESP","VEN","0"
"957","EST","FIN","1.44927536231884"
"958","EST","GBR","2.34113712374582"
"959","EST","RUS","2.34130544377808"
"960","EST","UKR","1.10987791342952"
"961","EST","USA","1.36986301369863"
"962","AFR","ETH","0"
"963","CAN","ETH","4.6189376443418"
"964","CHN","ETH","2.0280902233389"
"965","DJI","ETH","0"
"966","ERI","ETH","1.95442799976342"
"967","ETH","GBR","1.94274028629857"
"968","ETH","ISR","2.6865671641791"
"969","ETH","KEN","1.20256253813301"
"970","ETH","RUS","2.04081632653061"
"971","ETH","SDN","2.81485671191554"
"972","ETH","SOM","1.95202029414104"
"973","ETH","UKR","1.3986013986014"
"974","ETH","USA","5.23390594079518"
"975","ETH","YEM","0.727272727272727"
"976","AFR","EUR","2.49378390080169"
"977","ALB","EUR","2.04626334519573"
"978","ARE","EUR","7.69230769230769"
"979","AUT","EUR","2.30532770318997"
"980","AZE","EUR","2.43690165361184"
"981","BEL","EUR","2.15900964789404"
"982","BGR","EUR","0.824017780424732"
"983","BRA","EUR","1.45631067961165"
"984","CAN","EUR","2.69957355652039"
"985","CHE","EUR","1.85998692190643"
"986","CHN","EUR","2.45771340979658"
"987","CYP","EUR","9.43396226415094"
"988","DEU","EUR","3.3726208863537"
"989","DJI","EUR","7.17821782178218"
"990","DNK","EUR","2.79956219663082"
"991","EGY","EUR","0.437810945273633"
"992","ESP","EUR","1.89990417587022"
"993","EUR","FRA","2.38267521414994"
"994","EUR","GHA","2.90322580645161"
"995","EUR","HUN","3.01339285714286"
"996","EUR","IRL","2.22884101457116"
"997","EUR","IRQ","2.46913580246914"
"998","EUR","ISR","1.53206162999384"
"999","EUR","LBY","1.89086614814513"
"1000","EUR","LKA","3.67647058823529"
"1001","EUR","LTU","0.332778702163062"
"1002","EUR","LUX","1.10294117647059"
"1003","EUR","MAR","3.66178428761651"
"1004","EUR","MDV","3.67647058823529"
"1005","EUR","MLI","1.70109607162261"
"1006","EUR","NLD","4.06779661016949"
"1007","EUR","NMR","1.40235986748413"
"1008","EUR","NOR","2.12765957446809"
"1009","EUR","NZL","5.21512385919166"
"1010","EUR","PHL","5.21194758342618"
"1011","EUR","POL","1.11875511875512"
"1012","EUR","PRT","7.51445086705202"
"1013","EUR","PSE","0.722822364974145"
"1014","EUR","SWE","1.59617834394905"
"1015","EUR","SYR","1.73825917676924"
"1016","EUR","TJK","0"
"1017","EUR","TUR","1.94594483868178"
"1018","EUR","VNM","4.24710424710425"
"1019","EUR","ZAF","3.2258064516129"
"1020","EUR","ZWE","4.36590436590437"
"1021","DEU","FIN","0.45045045045045"
"1022","EUR","FIN","0"
"1023","FIN","NOR","1.22448979591837"
"1024","FIN","RUS","2.98260839368312"
"1025","FIN","SOM","0.107353730542136"
"1026","FIN","URY","3.27102803738318"
"1027","FIN","USA","1.21412803532009"
"1028","AUS","FJI","2.90539029299933"
"1029","BLZ","FJI","2.33766233766234"
"1030","FJI","NZL","2.97161880476362"
"1031","FJI","SYR","2.13256268906973"
"1032","FJI","USA","4.14680824111753"
"1033","AFR","FRA","1.58408208466847"
"1034","ARG","FRA","1.01517637407711"
"1035","ARM","FRA","1.14062654026958"
"1036","AUS","FRA","2.87555068593878"
"1037","AUT","FRA","1.97333434603322"
"1038","AZE","FRA","3.05658373298483"
"1039","BEL","FRA","2.61305833938202"
"1040","BLR","FRA","2.36918975082829"
"1041","CAF","FRA","3.29411764705882"
"1042","CAN","FRA","2.93592735728551"
"1043","CHE","FRA","3.72340425531915"
"1044","CHN","FRA","2.7793776599321"
"1045","CMR","FRA","3.6036036036036"
"1046","CUB","FRA","2.16250899367595"
"1047","CYP","FRA","1.5748031496063"
"1048","DEU","FRA","3.10863732623574"
"1049","DZA","FRA","2.85865537321334"
"1050","EGY","FRA","0.78740157480315"
"1051","ESP","FRA","3.3952533993697"
"1052","FRA","GIN","1.25527600880392"
"1053","FRA","GRC","1.5748031496063"
"1054","FRA","HUN","0.66006600660066"
"1055","FRA","IND","1.18694362017804"
"1056","FRA","ISL","2.06932773109244"
"1057","FRA","ISR","2.10347365285172"
"1058","FRA","JOR","4.24448217317487"
"1059","FRA","LBN","2.32076353923278"
"1060","FRA","LBY","1.77306556236776"
"1061","FRA","MEX","2.67794221282593"
"1062","FRA","NER","1.40948555614063"
"1063","FRA","NGA","4.13793103448276"
"1064","FRA","NLD","2.18690735407741"
"1065","FRA","NZL","2.40184350500929"
"1066","FRA","PAK","7.56501182033097"
"1067","FRA","PGS","2.7906976744186"
"1068","FRA","PHL","3.20862424738848"
"1069","FRA","POL","2.81593745375623"
"1070","FRA","PSE","2.27632505260538"
"1071","FRA","SAU","2.78096330275229"
"1072","FRA","SDN","2.92170662425656"
"1073","FRA","SGP","4.46570972886762"
"1074","FRA","TCD","1.5748031496063"
"1075","FRA","THA","1.9047619047619"
"1076","FRA","TUR","1.35877033687253"
"1077","FRA","UKR","3.03279187750525"
"1078","FRA","VAT","1.92428496406316"
"1079","FRA","YEM","0.709219858156028"
"1080","AUS","FSM","3.00817405938214"
"1081","EUR","FSM","6.01851851851852"
"1082","FSM","GHA","1.60857908847185"
"1083","FSM","IRL","2.75862068965517"
"1084","FSM","IRN","1.1324298029278"
"1085","FSM","ITA","2.42130750605327"
"1086","FSM","KEN","4.34782608695652"
"1087","FSM","LBR","3.2183908045977"
"1088","FSM","LBY","5.08474576271187"
"1089","FSM","QAT","3.28496617812501"
"1090","FSM","THA","1.68310413483354"
"1091","FSM","USA","1.14205717653993"
"1092","CAF","GAB","0.923076923076923"
"1093","COG","GAB","0.923076923076923"
"1094","GAB","GBR","1.7153655964786"
"1095","GAB","GNQ","0.923076923076923"
"1096","GAB","TCD","0.923076923076923"
"1097","AFG","GBR","1.81782489202984"
"1098","AFR","GBR","2.63830759591088"
"1099","ARE","GBR","3.65308289951238"
"1100","ARM","GBR","7.69230769230769"
"1101","AUT","GBR","6.09260152885923"
"1102","BEL","GBR","2.80219039859796"
"1103","BGD","GBR","4.16666666666667"
"1104","BGR","GBR","1.78571428571429"
"1105","BRA","GBR","2.98170872232828"
"1106","CAN","GBR","3.06613433553367"
"1107","CHN","GBR","2.50588579466062"
"1108","CMR","GBR","1.94423788450377"
"1109","CUB","GBR","2.16250899367595"
"1110","CYP","GBR","3.38409475465313"
"1111","CZE","GBR","4.07724397144993"
"1112","DEU","GBR","2.08551023810301"
"1113","EGY","GBR","2.14424951267056"
"1114","ESP","GBR","3.63878530584327"
"1115","EST","GBR","2.3922090505291"
"1116","FRA","GBR","3.53079824873569"
"1117","GAB","GBR","1.7153655964786"
"1118","GBR","GRC","3.48932206176117"
"1119","GBR","HUN","3.77631367507633"
"1120","GBR","IDN","0.937246895466697"
"1121","GBR","IND","2.92905406946413"
"1122","GBR","IRL","3.45837869380292"
"1123","GBR","IRN","2.87763746294907"
"1124","GBR","ISR","3.12013059885059"
"1125","GBR","ITA","2.54016342902763"
"1126","GBR","JOR","4.46341463414634"
"1127","GBR","JPN","3.37071349393745"
"1128","GBR","KEN","2.30414746543779"
"1129","GBR","KHM","1.19047619047619"
"1130","GBR","KOR","2.77162633765957"
"1131","GBR","LBN","0.60790273556231"
"1132","GBR","LBY","2.38234360358636"
"1133","GBR","LUX","1.54798761609907"
"1134","GBR","MDV","4.50087731777873"
"1135","GBR","MLT","2.82070037644553"
"1136","GBR","MNG","2.16919739696312"
"1137","GBR","MYS","2.54133532380521"
"1138","GBR","NGA","2.61197147635723"
"1139","GBR","NOR","3.07797388715638"
"1140","GBR","NZL","3.01673580273081"
"1141","GBR","PAN","2.19435736677116"
"1142","GBR","PHL","2.48551706056212"
"1143","GBR","POL","6.98807628940828"
"1144","GBR","PSE","2.50684900618194"
"1145","GBR","QAT","2.66175266175267"
"1146","GBR","RUS","2.39866894372513"
"1147","GBR","SAS","2.71910657926681"
"1148","GBR","SAU","1.50435604781522"
"1149","GBR","SEA","1.42049587977284"
"1150","GBR","SEN","2.84775465498357"
"1151","GBR","SGP","2.30431848852901"
"1152","GBR","SVK","1.69276343630978"
"1153","GBR","SWE","5.93667546174142"
"1154","GBR","SYR","2.76139458910755"
"1155","GBR","TCD","2.63459335624284"
"1156","GBR","TTO","3.34928229665072"
"1157","GBR","TUR","2.88771148568224"
"1158","GBR","UGA","4.43004592895449"
"1159","GBR","UKR","2.84692650256024"
"1160","GBR","URY","3.24439261146877"
"1161","GBR","ZAF","3.52013031216571"
"1162","GBR","ZWE","2.46734397677794"
"1163","AFR","GHA","3.08928571428572"
"1164","AUS","GHA","3.97907795212818"
"1165","BMU","GHA","3.96396396396396"
"1166","BRA","GHA","3.2"
"1167","CHE","GHA","2.01342281879195"
"1168","DEU","GHA","7.69230769230769"
"1169","EUR","GHA","2.90322580645161"
"1170","FRA","GHA","4.33839479392625"
"1171","GBR","GHA","3.37650629422121"
"1172","GHA","GIN","1.65745856353591"
"1173","GHA","JPN","3.76712328767123"
"1174","GHA","MLI","5"
"1175","GHA","NGA","3.18425001945801"
"1176","GHA","SAU","4.03008018613154"
"1177","GHA","UKR","4.33839479392625"
"1178","GHA","USA","4.55755437425413"
"1179","AFR","GIN","2.15670380563497"
"1180","CHE","GIN","1.71858216970999"
"1181","COD","GIN","1.02389078498294"
"1182","GHA","GIN","1.65745856353591"
"1183","GIN","LBR","2.77089336475379"
"1184","GIN","MLI","2.10526315789474"
"1185","GIN","NGA","1.02389078498294"
"1186","GIN","SLE","1.887083096476"
"1187","AFR","GNQ","0.847457627118644"
"1188","CAF","GNQ","0.923076923076923"
"1189","COG","GNQ","0.923076923076923"
"1190","GAB","GNQ","0.923076923076923"
"1191","GNQ","TCD","0.923076923076923"
"1192","AFR","GRC","6.66666666666667"
"1193","ARM","GRC","2.3635241202928"
"1194","AUS","GRC","1.96078431372549"
"1195","BEL","GRC","3.87931034482759"
"1196","CAN","GRC","2.33796858714256"
"1197","CHE","GRC","4.69208211143695"
"1198","CYP","GRC","2.7496049831163"
"1199","DEU","GRC","3.78835860561579"
"1200","DZA","GRC","3.93204068901422"
"1201","EGY","GRC","1.5748031496063"
"1202","GBR","GRC","2.13903743315508"
"1203","GRC","IRL","2.58620689655172"
"1204","GRC","IRN","0"
"1205","GRC","ISR","0.58724137781525"
"1206","GRC","ITA","3.18774759476175"
"1207","GRC","LBY","6.45161290322581"
"1208","GRC","NER","1.5748031496063"
"1209","GRC","NLD","6.18891797556719"
"1210","GRC","PSE","0.465116279069767"
"1211","GRC","RUS","1.47058823529412"
"1212","GRC","SDN","1.5748031496063"
"1213","GRC","SWE","0.629425649095201"
"1214","GRC","TCD","1.5748031496063"
"1215","GRC","TUR","2.40826817145933"
"1216","GRC","VAT","3.87096774193548"
"1217","GRD","TTO","3.78109452736318"
"1218","ESP","GTM","6.19469026548673"
"1219","GTM","HND","2.55246596616001"
"1220","GTM","MEX","4.52513966480447"
"1221","GTM","SLV","4.52513966480447"
"1222","GTM","USA","5.45187333092428"
"1223","GUY","NOR","3.2114183764496"
"1224","GUY","USA","1.4688963139591"
"1225","BOL","HND","2.33637660325901"
"1226","CHL","HND","4.02476780185759"
"1227","COL","HND","2.33637660325901"
"1228","CRI","HND","1.65061898211829"
"1229","ECU","HND","2.33637660325901"
"1230","GTM","HND","4.52513966480447"
"1231","HND","JAM","1.65061898211829"
"1232","HND","MEX","4.02476780185759"
"1233","HND","PAN","1.60077312605969"
"1234","HND","PER","4.02476780185759"
"1235","HND","USA","3.51007975346335"
"1236","CHN","HRV","3.84615384615385"
"1237","EUR","HRV","1.40845070422535"
"1238","GBR","HRV","1.81818181818182"
"1239","HRV","HUN","1.05820105820106"
"1240","HRV","IRL","1.3986013986014"
"1241","HRV","JPN","1.3986013986014"
"1242","HRV","MKD","3.62204724409449"
"1243","HRV","PHL","1.40845070422535"
"1244","HRV","RUS","1.40845070422535"
"1245","HRV","SGP","2.77777777777778"
"1246","HRV","USA","1.44882421668136"
"1247","BHS","HTI","1.27388535031847"
"1248","CUB","HTI","1.71673819742489"
"1249","HTI","USA","3.62205053829419"
"1250","AZE","HUN","2.83911935497347"
"1251","CZE","HUN","5.92856931372195"
"1252","DEU","HUN","2.29975984692966"
"1253","EUR","HUN","3.01339285714286"
"1254","GBR","HUN","3.87950101742901"
"1255","HRV","HUN","1.05820105820106"
"1256","HUN","ITA","3.54554865424431"
"1257","HUN","PAK","7.79510022271715"
"1258","HUN","POL","7.79510022271715"
"1259","HUN","RUS","1.09173001954008"
"1260","HUN","SVK","4.06203840472674"
"1261","HUN","SYR","1.59651669085631"
"1262","HUN","UKR","1.375"
"1263","HUN","USA","1.48452176754064"
"1264","AUS","IDN","1.35226443514946"
"1265","BRA","IDN","2.59615384615385"
"1266","CYP","IDN","4.73684210526316"
"1267","DNK","IDN","6.09418282548476"
"1268","EGY","IDN","5.9375"
"1269","GBR","IDN","1.89641118796432"
"1270","IDN","IRQ","1.84710768857628"
"1271","IDN","ISR","0.905797101449275"
"1272","IDN","JPN","2.08333333333333"
"1273","IDN","KOR","2.61416145691765"
"1274","IDN","MYS","1.54758300534868"
"1275","IDN","NOR","2.17391304347826"
"1276","IDN","PHL","2.62295081967213"
"1277","IDN","SEA","3.19767441860465"
"1278","IDN","SYR","2.04583211815498"
"1279","IDN","TJK","0.740740740740741"
"1280","IDN","USA","1.16198973496641"
"1281","ALB","IND","4.16281784136395"
"1282","ARE","IND","2.17917675544794"
"1283","AUS","IND","4.22607994424467"
"1284","BEL","IND","0"
"1285","BGD","IND","3.02501968564484"
"1286","BOL","IND","0"
"1287","FRA","IND","8.80829015544041"
"1288","GBR","IND","3.31640642043148"
"1289","IND","IRN","2.76754616753113"
"1290","IND","IRQ","2.03045685279188"
"1291","IND","LKA","1.9586214246221"
"1292","IND","MEX","2.00892857142857"
"1293","IND","MYS","4.13533834586466"
"1294","IND","NPL","1.36475525779252"
"1295","IND","PAK","2.11313281553261"
"1296","IND","POL","4.07672684458399"
"1297","IND","SAS","2.80907749224819"
"1298","IND","SAU","2.00201212897859"
"1299","IND","THA","1.64375089644037"
"1300","IND","USA","2.44601185651664"
"1301","IND","VNM","4.83653277064782"
"1302","IND","ZAF","1.54895910709864"
"1303","AFR","IRL","4.29215118190305"
"1304","ALB","IRL","2.11786372007366"
"1305","AUS","IRL","2.78710883792553"
"1306","CAN","IRL","4.09090909090909"
"1307","CHE","IRL","5.66037735849057"
"1308","CHL","IRL","3"
"1309","CHN","IRL","0.824507389162561"
"1310","DNK","IRL","4.09090909090909"
"1311","EUR","IRL","1.75447655519716"
"1312","FIN","IRL","2.06185567010309"
"1313","GBR","IRL","3.31043922479698"
"1314","GRC","IRL","2.58620689655172"
"1315","IRL","IRN","0.555555555555555"
"1316","IRL","ISR","3.30951747515406"
"1317","IRL","ITA","3.05343511450382"
"1318","IRL","JPN","1.61943319838057"
"1319","IRL","LVA","0"
"1320","IRL","MDV","1.1248710251458"
"1321","IRL","MEX","1.08932461873638"
"1322","IRL","NGA","2.34375"
"1323","IRL","NLD","4.09090909090909"
"1324","IRL","NOR","4.09090909090909"
"1325","IRL","NZL","3.54545454545454"
"1326","IRL","POL","0.709219858156028"
"1327","IRL","SAU","2.94736842105263"
"1328","IRL","SLE","3.85756676557863"
"1329","IRL","SWE","4.09090909090909"
"1330","IRL","UKR","1.5625"
"1331","IRL","ZAF","5.93406593406593"
"1332","AFR","IRN","4.59770114942529"
"1333","AUS","IRN","1.65441176470588"
"1334","AUT","IRN","1.82348009767205"
"1335","AZE","IRN","1.86366236759585"
"1336","BEL","IRN","3.40909090909091"
"1337","BGD","IRN","1.58730158730159"
"1338","BGR","IRN","1.66666666666667"
"1339","BHS","IRN","0.561797752808989"
"1340","CAN","IRN","2.51484058902138"
"1341","CHE","IRN","0.833333333333333"
"1342","CHN","IRN","2.60867161277057"
"1343","DEU","IRN","2.32558139534884"
"1344","DJI","IRN","2.00400590343664"
"1345","DNK","IRN","2.5294142005574"
"1346","DZA","IRN","4.49205252246026"
"1347","EUR","IRN","2.18904962210595"
"1348","FRA","IRN","3.18771281605448"
"1349","FSM","IRN","1.1324298029278"
"1350","GBR","IRN","3.40680791328845"
"1351","IND","IRN","3.14465408805031"
"1352","IRN","IRQ","2.27536709345512"
"1353","IRN","ISR","2.25703058112579"
"1354","IRN","JOR","3.24675324675325"
"1355","IRN","JPN","3.3003300330033"
"1356","IRN","KEN","3.26797385620915"
"1357","IRN","KOR","5.07246376811594"
"1358","IRN","MYS","2.14067278287462"
"1359","IRN","OMN","3.22359158992823"
"1360","IRN","PHL","5.16956740724159"
"1361","IRN","PRK","2.88155563672673"
"1362","IRN","QAT","2.54237288135593"
"1363","IRN","RUS","1.73497357256211"
"1364","IRN","SAU","2.29093390233142"
"1365","IRN","SVK","3.84783878504672"
"1366","IRN","SWE","1.40122583146971"
"1367","IRN","TJK","1.95170511626208"
"1368","IRN","TKM","1.76125244618395"
"1369","IRN","TUR","3.20874201906172"
"1370","IRN","TWN","2.94117647058824"
"1371","IRN","UZB","1.953125"
"1372","IRN","VEN","2.93649644198554"
"1373","AFG","IRQ","3.12660110517861"
"1374","AFR","IRQ","1.33982947624848"
"1375","ALB","IRQ","1.4964873995111"
"1376","AUS","IRQ","1.66210831702363"
"1377","CAF","IRQ","1.88852472545286"
"1378","CAN","IRQ","2.54901960784314"
"1379","CHE","IRQ","3.88170055452865"
"1380","CHN","IRQ","1.24694351169646"
"1381","CZE","IRQ","1.58229852004577"
"1382","EGY","IRQ","3.04054054054054"
"1383","EUR","IRQ","2.82186948853616"
"1384","IDN","IRQ","1.8796992481203"
"1385","IND","IRQ","2.7906976744186"
"1386","IRQ","ISR","3.04054054054054"
"1387","IRQ","ITA","1.94444444444444"
"1388","IRQ","JOR","1.36286201022147"
"1389","IRQ","KWT","2.30486126218975"
"1390","IRQ","MYS","1.33333333333333"
"1391","IRQ","NGA","2.13014948242915"
"1392","IRQ","NLD","1.87643490690769"
"1393","IRQ","PAK","2.38095238095238"
"1394","IRQ","PSE","3.04054054054054"
"1395","IRQ","QAT","2.76464435023176"
"1396","IRQ","SAU","2.35028025916046"
"1397","IRQ","SOM","2.734375"
"1398","IRQ","VAT","2.44955288893116"
"1399","IRQ","VNM","3.69198312236287"
"1400","IRQ","YEM","2.21376862491017"
"1401","CHN","ISL","1.1686436954748"
"1402","FRA","ISL","2.06932773109244"
"1403","ISL","USA","3.02857142857143"
"1404","AFR","ISR","3.12406671152667"
"1405","ARE","ISR","6.15379921900423"
"1406","AUS","ISR","2.49224150486797"
"1407","AUT","ISR","0.561797752808989"
"1408","AZE","ISR","2.45593215250966"
"1409","BEL","ISR","2.42589528303814"
"1410","BFA","ISR","0.905797101449275"
"1411","BLR","ISR","4.83504039306776"
"1412","BRA","ISR","2.09059233449477"
"1413","CAN","ISR","3.60992332495311"
"1414","CHE","ISR","1.19904076738609"
"1415","CHN","ISR","3.12796208530806"
"1416","CIV","ISR","0.905797101449275"
"1417","DEU","ISR","4.68861792330761"
"1418","DJI","ISR","0.905797101449275"
"1419","DZA","ISR","0.905797101449275"
"1420","EUR","ISR","1.45533131084801"
"1421","FIN","ISR","3.64145658263305"
"1422","FJI","ISR","2.50801355982167"
"1423","FRA","ISR","2.95384089470434"
"1424","FSM","ISR","0.561797752808989"
"1425","GBR","ISR","3.48683433583182"
"1426","GRC","ISR","0.611200173520505"
"1427","IDN","ISR","0.905797101449275"
"1428","IRL","ISR","3.93162393162393"
"1429","IRQ","ISR","2.60416666666667"
"1430","ISR","JOR","3.19329764001974"
"1431","ISR","KOR","0.689655172413793"
"1432","ISR","KWT","7.7319587628866"
"1433","ISR","LBN","2.48439646996089"
"1434","ISR","MLI","0.905797101449275"
"1435","ISR","MRT","0.905797101449275"
"1436","ISR","MYS","1.80121315746621"
"1437","ISR","NGA","1.15606936416185"
"1438","ISR","NLD","4.72972972972973"
"1439","ISR","NZL","2.09059233449477"
"1440","ISR","PAK","1.45116243961353"
"1441","ISR","PHL","4.10548302872062"
"1442","ISR","RUS","2.13586069290767"
"1443","ISR","SAU","4.10714285714286"
"1444","ISR","SYR","1.98449720409383"
"1445","ISR","TGO","0.905797101449275"
"1446","ISR","THA","0.905797101449275"
"1447","ISR","TUN","0.905797101449275"
"1448","ISR","TUR","2.48504983388704"
"1449","ISR","USA","2.74516192066426"
"1450","ISR","YEM","3.09575163581299"
"1451","AFR","ITA","1.65812566028718"
"1452","ARE","ITA","1.16279069767442"
"1453","ARG","ITA","4.45496452298097"
"1454","BEL","ITA","2.41157556270096"
"1455","BGR","ITA","2.41935483870968"
"1456","CAN","ITA","2.5531914893617"
"1457","CYP","ITA","4.96894409937888"
"1458","DEU","ITA","2.00787771055294"
"1459","EGY","ITA","2.02204842485341"
"1460","ESP","ITA","3.5720429253834"
"1461","GBR","ITA","3.28824751817901"
"1462","GRC","ITA","4.56666632114685"
"1463","HUN","ITA","3.54554865424431"
"1464","ISR","ITA","2.75049115913556"
"1465","ITA","JPN","3.88583001075881"
"1466","ITA","KWT","3.04610927214454"
"1467","ITA","LVA","4.46650124069479"
"1468","ITA","MYS","2.26002249025123"
"1469","ITA","NLD","2.29746070133011"
"1470","ITA","OMN","5.88235294117647"
"1471","ITA","PHL","2.22604913973716"
"1472","ITA","SYR","1.63934426229508"
"1473","ITA","TUR","2.25204255807207"
"1474","ITA","VAT","3.15199198513699"
"1475","ITA","ZAF","2.28320392420501"
"1476","BRB","JAM","6.49149922720247"
"1477","CRB","JAM","4.6875"
"1478","DEU","JAM","0.571428571428571"
"1479","HND","JAM","1.65061898211829"
"1480","JAM","USA","3.04109635623166"
"1481","ARE","JOR","2.54583633509984"
"1482","CHN","JOR","3.02114803625378"
"1483","EGY","JOR","1.95677707305614"
"1484","FRA","JOR","4.50469665816348"
"1485","GBR","JOR","3.95541401273886"
"1486","IND","JOR","2.04081632653061"
"1487","IRN","JOR","3.24675324675325"
"1488","ISR","JOR","2.45299011884299"
"1489","ITA","JOR","5.14285714285714"
"1490","JOR","LBN","1.69133192389006"
"1491","JOR","LBY","2.99371470213153"
"1492","JOR","LKA","3.02439024390244"
"1493","JOR","NGA","2.01005025125628"
"1494","JOR","PAK","1.61290322580645"
"1495","JOR","PSE","2.60917688527465"
"1496","JOR","SYR","3.83945414408991"
"1497","JOR","TWN","4.34782608695652"
"1498","AFR","JPN","4.70730486802638"
"1499","AUS","JPN","3.63380666881329"
"1500","BGD","JPN","2.96333841232556"
"1501","BRA","JPN","1.8348623853211"
"1502","CAN","JPN","3.74331550802139"
"1503","CHE","JPN","3.78083465514413"
"1504","CHL","JPN","2.05338809034908"
"1505","DEU","JPN","4.14554520169233"
"1506","DNK","JPN","2.4390243902439"
"1507","EGY","JPN","1.85203057955759"
"1508","EUR","JPN","2.30645578315966"
"1509","GBR","JPN","3.22861994760901"
"1510","GRC","JPN","2.51889168765743"
"1511","IRQ","JPN","3.33333333333333"
"1512","ITA","JPN","3.88583001075881"
"1513","JPN","KHM","3.74331550802139"
"1514","JPN","KOR","2.13634454346856"
"1515","JPN","LBR","3.34261838440111"
"1516","JPN","LKA","2.92838531347673"
"1517","JPN","MMR","3.35767174002468"
"1518","JPN","NZL","1.23241385244609"
"1519","JPN","PAN","0.956937799043062"
"1520","JPN","PHL","3.06819179435854"
"1521","JPN","RUS","2.27848895513381"
"1522","JPN","SEA","0.756829313570093"
"1523","JPN","SGP","3.46641721731285"
"1524","JPN","SWE","0.45045045045045"
"1525","JPN","SYR","3.33333333333333"
"1526","JPN","THA","3.91735868689393"
"1527","JPN","VNM","2.06101754187642"
"1528","ARE","KAZ","4.12486064659978"
"1529","ARM","KAZ","0.87719298245614"
"1530","AZE","KAZ","2.51798561151079"
"1531","GBR","KAZ","6.41025641025641"
"1532","KAZ","LVA","4.89795918367347"
"1533","KAZ","RUS","2.0574695226447"
"1534","KAZ","TKM","0"
"1535","KAZ","USA","3.28358208955224"
"1536","AFR","KEN","1.35358710632434"
"1537","BWA","KEN","4.31034482758621"
"1538","DNK","KEN","1.74825174825175"
"1539","ETH","KEN","1.34435261707989"
"1540","EUR","KEN","1.19581464872945"
"1541","IRL","KEN","3.84366416487343"
"1542","ISR","KEN","2.0671834625323"
"1543","JPN","KEN","2.10526315789474"
"1544","KEN","LBY","2.83492900432226"
"1545","KEN","NGA","1.10680213578966"
"1546","KEN","PHL","2.9520295202952"
"1547","KEN","RWA","1.62932790224033"
"1548","KEN","SDN","1.03092783505155"
"1549","KEN","SLE","4.16967346202417"
"1550","KEN","SOM","0.568981868064757"
"1551","KEN","TUR","2.02429149797571"
"1552","KEN","TZA","2.54448630840478"
"1553","KEN","UGA","2.19098628094521"
"1554","KEN","USA","1.54920794669658"
"1555","KEN","YEM","3.27372561409796"
"1556","ARM","KGZ","1.40845070422535"
"1557","AZE","KGZ","4.54545454545455"
"1558","CHN","KGZ","6.66666666666667"
"1559","KGZ","RUS","5.24173027989822"
"1560","KGZ","TJK","1.52399458220928"
"1561","AUS","KHM","7.07070707070707"
"1562","BRA","KHM","0.571428571428571"
"1563","CAN","KHM","2.02135835281309"
"1564","CHN","KHM","2.63716575395994"
"1565","JPN","KHM","3.74331550802139"
"1566","KHM","MMR","2.83159310971558"
"1567","KHM","THA","2.25950518328484"
"1568","KHM","VNM","2.94692657121499"
"1569","AFG","KOR","2.36564669580869"
"1570","ARE","KOR","1.59574468085106"
"1571","AUS","KOR","0.411522633744856"
"1572","AUT","KOR","3.12999041839667"
"1573","CHN","KOR","2.27182289921419"
"1574","GBR","KOR","2.94983995391856"
"1575","IDN","KOR","1.53846153846154"
"1576","ISR","KOR","0.689655172413793"
"1577","ITA","KOR","5.88235294117647"
"1578","JPN","KOR","2.00957086386874"
"1579","KHM","KOR","4.51465335520777"
"1580","KOR","MYS","2.29885057471264"
"1581","KOR","PRK","1.55257121539821"
"1582","KOR","RUS","1.45761411584196"
"1583","KOR","TUR","1.48148148148148"
"1584","KOR","TWN","3.37808841485312"
"1585","KOR","USA","1.21296966297964"
"1586","AFR","KWT","2.23048327137546"
"1587","ARE","KWT","2.27331515047965"
"1588","BHR","KWT","2.00079396585947"
"1589","CAN","KWT","4"
"1590","CHN","KWT","5.49242424242424"
"1591","DEU","KWT","3.27868852459016"
"1592","EGY","KWT","2.07240736119742"
"1593","IRQ","KWT","2.88316652011629"
"1594","ISR","KWT","2.46305418719212"
"1595","ITA","KWT","3.04610927214454"
"1596","KWT","LBN","1.95652173913044"
"1597","KWT","OMN","2.00079396585947"
"1598","KWT","PSE","4.63576158940397"
"1599","KWT","QAT","2.35457014830348"
"1600","KWT","SAU","2.43400894592916"
"1601","KWT","TUR","2.85225328009127"
"1602","KWT","USA","1.85185185185185"
"1603","FRA","LAO","4.3010752688172"
"1604","IDN","LAO","4.3010752688172"
"1605","LAO","MYS","4.3010752688172"
"1606","LAO","THA","2.51964279583195"
"1607","AFR","LBN","2.33105546346764"
"1608","ARE","LBN","2.52100840336134"
"1609","AUS","LBN","0.521625133633157"
"1610","CHN","LBN","1.90336749633968"
"1611","EGY","LBN","3.2320798391075"
"1612","FRA","LBN","4.49205252246026"
"1613","HUN","LBN","1.05633802816901"
"1614","IRQ","LBN","1.76942971044275"
"1615","ISR","LBN","1.46564449724805"
"1616","JOR","LBN","1.74172330961528"
"1617","LBN","LBY","2.84631180467715"
"1618","LBN","MAR","1.45985401459854"
"1619","LBN","MDV","4.35308343409915"
"1620","LBN","NGA","2.90348266902803"
"1621","LBN","PHL","2.28581087127276"
"1622","LBN","QAT","0.372393026413576"
"1623","LBN","TUR","1.7921146953405"
"1624","LBN","ZAF","2.52666388573562"
"1625","CHE","LBR","2.16067543919752"
"1626","COD","LBR","1.02389078498294"
"1627","DEU","LBR","1.83043634935962"
"1628","FSM","LBR","3.2183908045977"
"1629","GBR","LBR","1.84397163120567"
"1630","GIN","LBR","2.47161726774839"
"1631","LBR","NGA","1.65948637609802"
"1632","LBR","SLE","2.00547614029983"
"1633","LBR","VNM","1.31868131868132"
"1634","AFR","LBY","1.99535817996405"
"1635","DZA","LBY","1.91547080254978"
"1636","EUR","LBY","2.85865537321334"
"1637","FRA","LBY","1.5748031496063"
"1638","FSM","LBY","5.08474576271187"
"1639","GBR","LBY","3.28691095210981"
"1640","IRN","LBY","2.4869109947644"
"1641","ITA","LBY","2.01532421886319"
"1642","LBY","MAR","0.537634408602151"
"1643","LBY","PAK","4.00302722076916"
"1644","LBY","PRT","1.87667560321716"
"1645","LBY","QAT","1.17557350669934"
"1646","LBY","SAU","2.47257290920117"
"1647","LBY","SDN","3.64583333333333"
"1648","LBY","SYR","2.55846301998502"
"1649","LBY","TCD","7.01754385964912"
"1650","LBY","TUN","1.78888583741989"
"1651","LBY","USA","2.58739274279959"
"1652","LCA","ZAF","4.62962962962963"
"1653","AUS","LKA","1.83730071434246"
"1654","BGD","LKA","4.26799640571093"
"1655","BRN","LKA","6.23853211009174"
"1656","CAN","LKA","3.84068278805121"
"1657","CHN","LKA","4.16865061984942"
"1658","EUR","LKA","3.67647058823529"
"1659","IND","LKA","2.12214226227276"
"1660","ITA","LKA","3.84068278805121"
"1661","JOR","LKA","3.02439024390244"
"1662","JPN","LKA","3.40316861823896"
"1663","LKA","MDV","4.18995600919715"
"1664","LKA","NGA","4.94505494505495"
"1665","LKA","PAK","1.2537538226573"
"1666","LKA","PNG","6.23853211009174"
"1667","LKA","SAS","3.63624617010912"
"1668","LKA","SEA","3.53535353535354"
"1669","LKA","TJK","5.10405952311588"
"1670","LKA","USA","2.48322819288431"
"1671","LKA","VAT","4.62247072334981"
"1672","LSO","ZMB","3.1700288184438"
"1673","CHN","LTU","6.66666666666667"
"1674","LTU","POL","3.2051282051282"
"1675","LTU","RUS","2.43149281920671"
"1676","LTU","TUN","2.42214532871972"
"1677","AFR","LUX","2.32558139534884"
"1678","BEL","LUX","1.16731517509728"
"1679","DEU","LUX","1.10294117647059"
"1680","ESP","LUX","1.69014084507042"
"1681","EUR","LUX","2.08469508737563"
"1682","AUS","LVA","4.31581317258019"
"1683","CHN","LVA","3.41726618705036"
"1684","CZE","LVA","2.99145299145299"
"1685","ITA","LVA","4.46650124069479"
"1686","LTU","LVA","3.49406009783368"
"1687","LVA","SWE","6.81818181818182"
"1688","LVA","USA","2.09834973080093"
"1689","CHN","MAC","4.31654676258993"
"1690","AFR","MAR","2.00803212851405"
"1691","LBN","MAR","1.45985401459854"
"1692","LBY","MAR","0.537634408602151"
"1693","MAR","MDG","3.53606789250354"
"1694","MAR","TCD","2.23463687150838"
"1695","MAR","TUN","3.53606789250354"
"1696","MAR","TUR","3.49075975359343"
"1697","MAR","YEM","0.515463917525773"
"1698","FRA","MCO","5.02322137712862"
"1699","MCO","PHL","6.02409638554217"
"1700","MCO","USA","3.76503126503126"
"1701","AZE","MDA","4.51127819548872"
"1702","MDA","RUS","3.43918098212737"
"1703","MDA","UKR","4.84065960636394"
"1704","MDA","USA","5.30973451327434"
"1705","AUS","MDG","3.34507042253521"
"1706","MAR","MDG","3.53606789250354"
"1707","MDG","TUN","3.53606789250354"
"1708","AFR","MDV","2.78136855673879"
"1709","CHN","MDV","3.10648254320474"
"1710","EUR","MDV","3.67647058823529"
"1711","GBR","MDV","2.0576499963148"
"1712","IND","MDV","1.76028691186819"
"1713","IRL","MDV","2.10788769142213"
"1714","LBN","MDV","4.35308343409915"
"1715","LKA","MDV","4.18995600919715"
"1716","MDV","MYS","1.4432460195172"
"1717","MDV","NGA","4.09604519774011"
"1718","MDV","PAK","2.20254158284677"
"1719","MDV","SAS","1.5015015015015"
"1720","MDV","SVK","4.22960725075529"
"1721","MDV","SYC","5.37634408602151"
"1722","MDV","TJK","5.41974145751076"
"1723","CAN","MEA","4.50236966824645"
"1724","AFR","MEX","2.49702734839477"
"1725","ARG","MEX","4.34782608695652"
"1726","AUS","MEX","1.45985401459854"
"1727","BLZ","MEX","1.48148148148148"
"1728","BOL","MEX","1.34453781512605"
"1729","BRA","MEX","2.45398773006135"
"1730","CAN","MEX","4.80167452176216"
"1731","CHL","MEX","4.1329720283104"
"1732","CHN","MEX","3.42465753424658"
"1733","CUB","MEX","0.753012048192771"
"1734","DEU","MEX","1.953125"
"1735","ESP","MEX","2.20679097100176"
"1736","GTM","MEX","2.80723214177043"
"1737","HND","MEX","4.02476780185759"
"1738","IND","MEX","2.00892857142857"
"1739","IRL","MEX","1.08932461873638"
"1740","JPN","MEX","0.706736863663166"
"1741","MEX","PER","4.49582760953806"
"1742","MEX","PHL","2.06422018348624"
"1743","MEX","SGP","0.5"
"1744","MEX","SYR","3.6144578313253"
"1745","AUS","MHL","5.42452830188679"
"1746","MHL","USA","0"
"1747","BEL","MKD","2.22672064777328"
"1748","DEU","MKD","2.6694045174538"
"1749","DNK","MKD","1.53846153846154"
"1750","EUR","MKD","3.62204724409449"
"1751","HRV","MKD","3.62204724409449"
"1752","MKD","RUS","1.40350877192982"
"1753","MKD","SYR","2.13946117274168"
"1754","MKD","TUR","2.41245656241647"
"1755","AFR","MLI","2.75945545682388"
"1756","BFA","MLI","3.20855614973262"
"1757","CHN","MLI","3.05498981670061"
"1758","DZA","MLI","2.29781403896399"
"1759","EUR","MLI","1.70109607162261"
"1760","FRA","MLI","2.85865537321334"
"1761","ISR","MLI","0.905797101449275"
"1762","MLI","MRT","4.0625"
"1763","EGY","MLT","0.298507462686567"
"1764","ESP","MLT","0"
"1765","EUR","MLT","5.44240420502432"
"1766","GBR","MLT","2.99966661748875"
"1767","LBY","MLT","2.7027027027027"
"1768","MLT","PSE","0.298507462686567"
"1769","MLT","USA","2.6865671641791"
"1770","CAN","MMR","3.74331550802139"
"1771","CHN","MMR","3.52316753676274"
"1772","GBR","MMR","4.29447852760736"
"1773","JPN","MMR","3.74331550802139"
"1774","KHM","MMR","2.83159310971558"
"1775","MMR","MYS","0.432900432900433"
"1776","MMR","SEA","1.57894736842105"
"1777","MMR","USA","3.74331550802139"
"1778","MMR","VNM","3.74331550802139"
"1779","GBR","MNG","2.16919739696312"
"1780","MNG","RUS","3.84666979891302"
"1781","MNG","USA","0.720461095100865"
"1782","AFR","MOZ","3.30148310436296"
"1783","ISR","MOZ","0.36231884057971"
"1784","MOZ","PSE","0.36231884057971"
"1785","MOZ","ZAF","1.97183098591549"
"1786","ISR","MRT","0.905797101449275"
"1787","MLI","MRT","4.0625"
"1788","ARE","MUS","2.65700483091787"
"1789","MUS","SLE","0.99009900990099"
"1790","AFR","MWI","3.77358490566038"
"1791","LSO","MWI","3.77358490566038"
"1792","MWI","USA","5.85797133165554"
"1793","AUS","MYS","1.43592978571105"
"1794","BGD","MYS","2.19435736677116"
"1795","BRN","MYS","3.41493721660272"
"1796","CAN","MYS","3.5031847133758"
"1797","CHN","MYS","1.85491240053599"
"1798","COD","MYS","1.68918918918919"
"1799","GBR","MYS","2.89157157900198"
"1800","GIN","MYS","1.68918918918919"
"1801","IDN","MYS","2.33169065463954"
"1802","IRN","MYS","2.14067278287462"
"1803","IRQ","MYS","1.33333333333333"
"1804","ISR","MYS","0.905797101449275"
"1805","ITA","MYS","2.15044777025204"
"1806","KWT","MYS","7.8920041536864"
"1807","LBR","MYS","1.68918918918919"
"1808","LTU","MYS","1.10497237569061"
"1809","MDV","MYS","0.7216230097586"
"1810","MYS","NGA","1.68918918918919"
"1811","MYS","NLD","2.45849984475955"
"1812","MYS","NZL","1.21897567882539"
"1813","MYS","PHL","2.1233148295004"
"1814","MYS","RUS","2.65742345465049"
"1815","MYS","SEA","1.43727747032385"
"1816","MYS","SGP","2.23543427265857"
"1817","MYS","SLE","1.68918918918919"
"1818","MYS","SYR","1.32711732711733"
"1819","MYS","TUR","1.52671755725191"
"1820","MYS","TWN","2.69219249058938"
"1821","MYS","USA","2.68910681388068"
"1822","AGO","NAM","2.22303562509477"
"1823","BWA","NAM","0.349087003222342"
"1824","CHN","NAM","1.82291666666667"
"1825","DEU","NAM","8.84615384615385"
"1826","GBR","NAM","5.33642691415313"
"1827","NAM","USA","5.33642691415313"
"1828","CYP","NER","1.5748031496063"
"1829","EGY","NER","1.5748031496063"
"1830","FRA","NER","1.24416796267496"
"1831","GRC","NER","1.5748031496063"
"1832","NER","NGA","1.72571012972026"
"1833","NER","SDN","1.5748031496063"
"1834","NER","TCD","1.64118420479865"
"1835","AUS","NGA","1.98205432033345"
"1836","BEL","NGA","0.813415281887853"
"1837","BEN","NGA","4.61538461538462"
"1838","CMR","NGA","1.69026929887011"
"1839","ESP","NGA","6.06226105953031"
"1840","FRA","NGA","4.13793103448276"
"1841","GBR","NGA","2.28225320011972"
"1842","GHA","NGA","3.90281049951215"
"1843","GIN","NGA","1.02389078498294"
"1844","IRL","NGA","2.34375"
"1845","KEN","NGA","1.63220892274211"
"1846","LBR","NGA","2.00966661748902"
"1847","LBY","NGA","1.94373868510204"
"1848","MDV","NGA","4.09604519774011"
"1849","NER","NGA","1.54639878374462"
"1850","NGA","PRK","1.92418150488225"
"1851","NGA","QAT","1.16550116550117"
"1852","NGA","SAU","4.4311377245509"
"1853","NGA","SLE","1.49067725851113"
"1854","NGA","TCD","1.50842870498966"
"1855","NGA","USA","3.14716569767312"
"1856","NGA","ZMB","0.645144938295187"
"1857","CRI","NIC","1.65061898211829"
"1858","NIC","USA","2.56410256410256"
"1859","AUS","NLD","1.95078031212485"
"1860","AUT","NLD","6.12607237806716"
"1861","CHE","NLD","2.66666666666667"
"1862","DEU","NLD","1.26367612425477"
"1863","EUR","NLD","3.66178428761651"
"1864","IRL","NLD","0.53475935828877"
"1865","ISR","NLD","1.64092664092664"
"1866","ITA","NLD","3.38753632081431"
"1867","LKA","NLD","4.15914736417486"
"1868","MEX","NLD","0.512820512820513"
"1869","MYS","NLD","2.37926896598335"
"1870","NLD","NZL","1.92644483362522"
"1871","NLD","POL","3.82775119617225"
"1872","NLD","SGP","1.5"
"1873","NLD","SWE","3.55555555555556"
"1874","NLD","UKR","2.12003940332114"
"1875","NLD","USA","2.33243422202922"
"1876","NLD","ZWE","3.34928229665072"
"1877","AUS","NMR","1.14289446185998"
"1878","CAN","NMR","2.61888352860096"
"1879","EUR","NMR","2.42821881464077"
"1880","NMR","USA","3.41728229748655"
"1881","AFR","NOR","0"
"1882","BRA","NOR","3.2114183764496"
"1883","CHN","NOR","2.09332795807297"
"1884","CYP","NOR","1.71102661596958"
"1885","GBR","NOR","2.36092581778798"
"1886","GUY","NOR","3.2114183764496"
"1887","HUN","NOR","1.22438628525056"
"1888","IDN","NOR","2.17391304347826"
"1889","NOR","PRT","5.10948905109489"
"1890","NOR","RUS","1.45761411584196"
"1891","NOR","SAU","3.07692307692308"
"1892","NOR","SWE","2.496208422496"
"1893","NOR","SYR","1.7910447761194"
"1894","NOR","UKR","3.47826086956522"
"1895","NOR","USA","1.82816751686874"
"1896","NOR","VNM","5.90405904059041"
"1897","AFG","NPL","1.17096018735363"
"1898","AUS","NPL","6.12244897959184"
"1899","BGD","NPL","0.297619047619048"
"1900","CAN","NPL","1.25"
"1901","CHN","NPL","2.92272699080025"
"1902","DZA","NPL","3.93204068901422"
"1903","IND","NPL","3.12221231043711"
"1904","LKA","NPL","2.68817204301075"
"1905","NPL","PAK","3.14066887284396"
"1906","NPL","PHL","0.902255639097744"
"1907","NPL","QAT","4.93421052631579"
"1908","NPL","USA","2.58105583106545"
"1909","AUS","NZL","2.61441107865789"
"1910","BEL","NZL","2.53164556962025"
"1911","BRA","NZL","2.09059233449477"
"1912","CAN","NZL","2.80665059700013"
"1913","CHN","NZL","2.72754719780742"
"1914","DEU","NZL","2.31788079470199"
"1915","FJI","NZL","2.43995514752568"
"1916","FRA","NZL","2.46963247695342"
"1917","GBR","NZL","2.83008904431134"
"1918","ISR","NZL","2.09059233449477"
"1919","JPN","NZL","1.90949285150241"
"1920","KOR","NZL","1.91256830601093"
"1921","NLD","NZL","1.92644483362522"
"1922","NZL","PHL","1.53286672687395"
"1923","NZL","PNG","2.20713073005093"
"1924","NZL","RUS","2.69576379974326"
"1925","NZL","SEA","2.52525252525253"
"1926","NZL","TON","4.91803278688525"
"1927","NZL","TUR","2.32974910394265"
"1928","NZL","USA","2.76794296719495"
"1929","NZL","WSM","3.00060003428767"
"1930","ARE","OMN","2.00079396585947"
"1931","AUS","OMN","1.66270783847981"
"1932","BHR","OMN","2.00079396585947"
"1933","BRN","OMN","2.53164556962025"
"1934","CHE","OMN","1.19760479041916"
"1935","CHN","OMN","3.68663594470046"
"1936","GBR","OMN","2.39148154168676"
"1937","ITA","OMN","5.88235294117647"
"1938","KWT","OMN","2.00079396585947"
"1939","OMN","QAT","2.00079396585947"
"1940","OMN","SAU","2.00079396585947"
"1941","OMN","SYR","1.84729064039409"
"1942","OMN","TWN","2.71205536777724"
"1943","OMN","USA","0"
"1944","OMN","VNM","3.41296928327645"
"1945","OMN","YEM","1.57894736842105"
"1946","AFG","PAK","2.83864976903622"
"1947","ARG","PAK","8.18181818181818"
"1948","AUS","PAK","0.886266797771222"
"1949","BGD","PAK","3.08367829975185"
"1950","BHR","PAK","1.953125"
"1951","CAN","PAK","2.1744438735744"
"1952","CHE","PAK","1.47058823529412"
"1953","CZE","PAK","7.79510022271715"
"1954","GBR","PAK","2.11945797199221"
"1955","HUN","PAK","7.79510022271715"
"1956","IND","PAK","1.72375354749377"
"1957","IRQ","PAK","2.38095238095238"
"1958","ISR","PAK","0.905797101449275"
"1959","JOR","PAK","1.61290322580645"
"1960","LBY","PAK","3.78003412842122"
"1961","MYS","PAK","2.06896551724138"
"1962","NPL","PAK","3.32108475159017"
"1963","PAK","POL","7.79510022271715"
"1964","PAK","PSE","2.48587570621469"
"1965","PAK","SEA","0.87719298245614"
"1966","PAK","SGP","2.60223048327138"
"1967","PAK","TJK","3.41880341880342"
"1968","PAK","TKM","3.41880341880342"
"1969","PAK","USA","2.44314824825426"
"1970","CAN","PAN","1.86440677966102"
"1971","CUB","PAN","2.46305418719212"
"1972","DNK","PAN","1.03092783505155"
"1973","ISR","PAN","1.5177065767285"
"1974","JPN","PAN","0.956937799043062"
"1975","PAN","PSE","1.5177065767285"
"1976","PAN","USA","2.59249166506865"
"1977","PAN","VEN","1.53846153846154"
"1978","ARE","PER","3.44827586206897"
"1979","AUS","PER","1.79729963710461"
"1980","BRA","PER","2.18833524245895"
"1981","CHE","PER","3.71747211895911"
"1982","CHL","PER","4.02476780185759"
"1983","CHN","PER","2.27439471753485"
"1984","DNK","PER","1.66112956810631"
"1985","HND","PER","4.02476780185759"
"1986","MEX","PER","4.02476780185759"
"1987","AZE","PGS","1.02564102564103"
"1988","EUR","PGS","2.01229737283399"
"1989","FRA","PGS","2.7906976744186"
"1990","ARG","PHL","3.59077515474802"
"1991","AUS","PHL","4.07009609949124"
"1992","BEL","PHL","2.09951562268318"
"1993","BRN","PHL","1.98863636363636"
"1994","CAN","PHL","4.44444444444444"
"1995","CHL","PHL","2.0668977242034"
"1996","CHN","PHL","2.05894730788562"
"1997","DEU","PHL","2.97620003916996"
"1998","ESP","PHL","2.26016854402888"
"1999","EUR","PHL","5.17799352750809"
"2000","FJI","PHL","2.60869565217391"
"2001","FRA","PHL","3.24220311745576"
"2002","GBR","PHL","1.98063596917734"
"2003","IDN","PHL","2.2272885161181"
"2004","IRN","PHL","0"
"2005","ISR","PHL","4.53010380622838"
"2006","ITA","PHL","3.13630880579011"
"2007","JPN","PHL","1.80265704138775"
"2008","KHM","PHL","2.16346153846154"
"2009","LBN","PHL","2.3056961333108"
"2010","LBY","PHL","3.26797385620915"
"2011","MCO","PHL","6.02409638554217"
"2012","MDV","PHL","2.68817204301075"
"2013","MLT","PHL","3.3175355450237"
"2014","MYS","PHL","3.53200883002207"
"2015","NGA","PHL","1.13636363636364"
"2016","NPL","PHL","0.902255639097744"
"2017","NZL","PHL","2.52225519287834"
"2018","PER","PHL","2.54694582344054"
"2019","PHL","SEA","3.30095989369071"
"2020","PHL","TWN","2.83018867924528"
"2021","PHL","USA","2.87834175748622"
"2022","PHL","VNM","2.39025196564088"
"2023","PHL","YEM","0.503778337531486"
"2024","PLW","SLB","0.83283759666865"
"2025","PLW","VUT","0.83283759666865"
"2026","AUS","PNG","2.7027027027027"
"2027","BGD","PNG","6.23853211009174"
"2028","BRN","PNG","6.23853211009174"
"2029","LKA","PNG","6.23853211009174"
"2030","NZL","PNG","2.99545725691735"
"2031","PNG","THA","6.23853211009174"
"2032","AZE","POL","0"
"2033","BEL","POL","3.87931034482759"
"2034","BLR","POL","2.30304632529386"
"2035","BRA","POL","0.961538461538462"
"2036","CHL","POL","5.41237113402062"
"2037","CZE","POL","4.73788624581235"
"2038","DEU","POL","3.23136244122047"
"2039","EUR","POL","1.74628503041787"
"2040","FRA","POL","2.05359137682248"
"2041","GBR","POL","1.93005215411877"
"2042","HUN","POL","7.79510022271715"
"2043","IRL","POL","0.709219858156028"
"2044","IRQ","POL","1.94954128440367"
"2045","ITA","POL","1.94954128440367"
"2046","LTU","POL","3.2051282051282"
"2047","PAK","POL","7.79510022271715"
"2048","POL","RUS","1.98287489176097"
"2049","POL","SVK","3.61811391223156"
"2050","POL","SYR","1.94954128440367"
"2051","POL","UKR","2.58441272751854"
"2052","POL","USA","3.33913599057658"
"2053","POL","VNM","1.48148148148148"
"2054","AUS","PRK","2.65342876933733"
"2055","CHE","PRK","2.61941448382126"
"2056","IRN","PRK","1.53846153846154"
"2057","KOR","PRK","2.15188542241649"
"2058","NGA","PRK","1.92418150488225"
"2059","PRK","RUS","1.27893799579083"
"2060","PRK","USA","1.40700924178356"
"2061","PRK","VNM","2.86170681672814"
"2062","AFR","PRT","1.94386348495247"
"2063","BEL","PRT","5.10948905109489"
"2064","BRA","PRT","2.74975515470415"
"2065","CHE","PRT","9.43396226415094"
"2066","CHN","PRT","1.67682926829268"
"2067","EUR","PRT","7.51445086705202"
"2068","IRL","PRT","0.568181818181818"
"2069","NOR","PRT","5.10948905109489"
"2070","POL","PRT","3.82775119617225"
"2071","PRT","RUS","9.43396226415094"
"2072","PRT","TUR","3.04568527918782"
"2073","PRT","USA","2.24525043177893"
"2074","NIC","PRY","2.64817150063052"
"2075","PRY","USA","2.61895979343416"
"2076","AFG","PSE","3.61290322580645"
"2077","AFR","PSE","1.64126611957796"
"2078","DZA","PSE","4.49205252246026"
"2079","EUR","PSE","0.59285389455182"
"2080","FRA","PSE","1.8058690744921"
"2081","GBR","PSE","2.09678305323626"
"2082","GRC","PSE","0.598055215558275"
"2083","IRN","PSE","1.67597765363128"
